[
null,
{"id":1,"expanded":false,"name":"MAP001","order":1,"parentId":0,"scrollX":534,"scrollY":319},
{"id":2,"expanded":false,"name":"MAP002","order":2,"parentId":0,"scrollX":832,"scrollY":640},
{"id":3,"expanded":false,"name":"MAP003","order":3,"parentId":0,"scrollX":832,"scrollY":640},
{"id":4,"expanded":true,"name":"MAP004","order":4,"parentId":0,"scrollX":832,"scrollY":640},
{"id":5,"expanded":false,"name":"MAP005","order":6,"parentId":0,"scrollX":832,"scrollY":640},
{"id":6,"expanded":false,"name":"MAP006","order":5,"parentId":0,"scrollX":832,"scrollY":640}
]